"calendar_year","estimate","std_error","reference_year"
2020,-0.0431800199572596,0.00919273021316959,2023
2021,0.0112969951246216,0.0118469303908928,2023
2022,-0.00820214131085946,0.0112897551860155,2023
2024,-0.0133646023119579,0.00991340568826014,2023
2025,-0.0168153530387607,0.0119642511115751,2023
