Year,True_AAPL,Synthetic_AAPL,Causal_Gap,Impact_Pct
2022,394328000000.0,388566987.6676984,393939433012.3323,101382.63041255281
2023,383285000000.0,430044800.57787716,382854955199.4221,89026.7606270223
2024,391035000000.0,491005692.57537705,390543994307.4246,79539.60620272646
2025,408625000000.0,504706296.6494051,408120293703.3506,80862.92887818911
