Year,Index_True,Index_Syn,Causal_Gap_Pts
2022,100.0,100.0,0.0
2023,107.14344563502995,109.17421209161573,-2.0307664565857797
2024,114.6456776422075,124.92370876959403,-10.278031127386525
2025,124.69383247626496,137.9045014933447,-13.210669017079727
