{
  "method": "market-adjusted event study",
  "events": [
    {
      "event_id": "eu_directive",
      "window": "[-1,+1]",
      "treated_n": 38,
      "control_n": 34,
      "treated_mean_car": -0.003601907046861714,
      "control_mean_car": 0.021141487571953225,
      "difference": -0.02474339461881494,
      "std_error": 0.012627828124403636,
      "ci_low": -0.049493937742646064,
      "ci_high": 7.148505016187079e-06,
      "p_value": 0.05720002765092748,
      "statistically_significant_5pct": false,
      "p_value_bh": 0.22880011060370992,
      "p_value_holm": 0.5720002765092748,
      "statistically_significant_bh_5pct": false,
      "statistically_significant_holm_5pct": false
    },
    {
      "event_id": "eu_directive",
      "window": "[-3,+3]",
      "treated_n": 38,
      "control_n": 34,
      "treated_mean_car": 0.008969495045040042,
      "control_mean_car": 0.018363656409083114,
      "difference": -0.009394161364043072,
      "std_error": 0.015190043516951319,
      "ci_low": -0.039166646657267656,
      "ci_high": 0.020378323929181513,
      "p_value": 0.5398004022187044,
      "statistically_significant_5pct": false,
      "p_value_bh": 0.5888731660567684,
      "p_value_holm": 1.0,
      "statistically_significant_bh_5pct": false,
      "statistically_significant_holm_5pct": false
    },
    {
      "event_id": "eu_directive",
      "window": "[-5,+5]",
      "treated_n": 38,
      "control_n": 34,
      "treated_mean_car": 0.0136253232112411,
      "control_mean_car": 0.04077558331016373,
      "difference": -0.027150260098922633,
      "std_error": 0.019531232844022296,
      "ci_low": -0.06543147647320634,
      "ci_high": 0.011130956275361068,
      "p_value": 0.17118629057098528,
      "statistically_significant_5pct": false,
      "p_value_bh": 0.29346221240740333,
      "p_value_holm": 1.0,
      "statistically_significant_bh_5pct": false,
      "statistically_significant_holm_5pct": false
    },
    {
      "event_id": "globe_model_rules",
      "window": "[-1,+1]",
      "treated_n": 38,
      "control_n": 34,
      "treated_mean_car": 0.0034198067473579187,
      "control_mean_car": 0.03718457473194305,
      "difference": -0.03376476798458514,
      "std_error": 0.00829994845545848,
      "ci_low": -0.050032666957283756,
      "ci_high": -0.017496869011886518,
      "p_value": 0.0001253768020590674,
      "statistically_significant_5pct": true,
      "p_value_bh": 0.0015045216247088088,
      "p_value_holm": 0.0015045216247088088,
      "statistically_significant_bh_5pct": true,
      "statistically_significant_holm_5pct": true
    },
    {
      "event_id": "globe_model_rules",
      "window": "[-3,+3]",
      "treated_n": 38,
      "control_n": 34,
      "treated_mean_car": 0.0067530993911695284,
      "control_mean_car": 0.023199650336148202,
      "difference": -0.016446550944978672,
      "std_error": 0.010715615504803992,
      "ci_low": -0.037449157334394495,
      "ci_high": 0.00455605544443715,
      "p_value": 0.1294790545098258,
      "statistically_significant_5pct": false,
      "p_value_bh": 0.29346221240740333,
      "p_value_holm": 1.0,
      "statistically_significant_bh_5pct": false,
      "statistically_significant_holm_5pct": false
    },
    {
      "event_id": "globe_model_rules",
      "window": "[-5,+5]",
      "treated_n": 38,
      "control_n": 34,
      "treated_mean_car": 0.008453374185326717,
      "control_mean_car": -0.010776116988865395,
      "difference": 0.019229491174192113,
      "std_error": 0.013594673508577217,
      "ci_low": -0.007416068902619231,
      "ci_high": 0.045875051251003454,
      "p_value": 0.16184114729569776,
      "statistically_significant_5pct": false,
      "p_value_bh": 0.29346221240740333,
      "p_value_holm": 1.0,
      "statistically_significant_bh_5pct": false,
      "statistically_significant_holm_5pct": false
    },
    {
      "event_id": "inclusive_framework_agreement",
      "window": "[-1,+1]",
      "treated_n": 38,
      "control_n": 34,
      "treated_mean_car": 0.004341358212386214,
      "control_mean_car": 0.0014948066769580326,
      "difference": 0.002846551535428181,
      "std_error": 0.006044415350126366,
      "ci_low": -0.009000502550819498,
      "ci_high": 0.014693605621675859,
      "p_value": 0.6395981814376182,
      "statistically_significant_5pct": false,
      "p_value_bh": 0.6395981814376182,
      "p_value_holm": 1.0,
      "statistically_significant_bh_5pct": false,
      "statistically_significant_holm_5pct": false
    },
    {
      "event_id": "inclusive_framework_agreement",
      "window": "[-3,+3]",
      "treated_n": 38,
      "control_n": 34,
      "treated_mean_car": -0.0027771602586943362,
      "control_mean_car": 0.013176551337643286,
      "difference": -0.015953711596337624,
      "std_error": 0.0106329516572438,
      "ci_low": -0.03679429684453547,
      "ci_high": 0.004886873651860222,
      "p_value": 0.13876541898671443,
      "statistically_significant_5pct": false,
      "p_value_bh": 0.29346221240740333,
      "p_value_holm": 1.0,
      "statistically_significant_bh_5pct": false,
      "statistically_significant_holm_5pct": false
    },
    {
      "event_id": "inclusive_framework_agreement",
      "window": "[-5,+5]",
      "treated_n": 38,
      "control_n": 34,
      "treated_mean_car": -3.851786105669718e-05,
      "control_mean_car": -0.009576806920255794,
      "difference": 0.009538289059199097,
      "std_error": 0.011400666404967149,
      "ci_low": -0.012807017094536513,
      "ci_high": 0.031883595212934705,
      "p_value": 0.4061286988013695,
      "statistically_significant_5pct": false,
      "p_value_bh": 0.48735443856164334,
      "p_value_holm": 1.0,
      "statistically_significant_bh_5pct": false,
      "statistically_significant_holm_5pct": false
    },
    {
      "event_id": "initial_implementation",
      "window": "[-1,+1]",
      "treated_n": 38,
      "control_n": 34,
      "treated_mean_car": -0.009877275193816107,
      "control_mean_car": -0.03597515698751927,
      "difference": 0.026097881793703162,
      "std_error": 0.012672999370921844,
      "ci_low": 0.0012588030266963493,
      "ci_high": 0.050936960560709975,
      "p_value": 0.0457618339117366,
      "statistically_significant_5pct": true,
      "p_value_bh": 0.22880011060370992,
      "p_value_holm": 0.5033801730291025,
      "statistically_significant_bh_5pct": false,
      "statistically_significant_holm_5pct": false
    },
    {
      "event_id": "initial_implementation",
      "window": "[-3,+3]",
      "treated_n": 38,
      "control_n": 34,
      "treated_mean_car": -0.014713995606888677,
      "control_mean_car": -0.030267847246266515,
      "difference": 0.015553851639377838,
      "std_error": 0.01390945372007663,
      "ci_low": -0.011708677651972357,
      "ci_high": 0.04281638093072803,
      "p_value": 0.2692208591284602,
      "statistically_significant_5pct": false,
      "p_value_bh": 0.40383128869269036,
      "p_value_holm": 1.0,
      "statistically_significant_bh_5pct": false,
      "statistically_significant_holm_5pct": false
    },
    {
      "event_id": "initial_implementation",
      "window": "[-5,+5]",
      "treated_n": 38,
      "control_n": 34,
      "treated_mean_car": -0.01411135595460402,
      "control_mean_car": -0.02986378240544992,
      "difference": 0.0157524264508459,
      "std_error": 0.015962556134095033,
      "ci_low": -0.015534183571980362,
      "ci_high": 0.04703903647367216,
      "p_value": 0.32893723886198056,
      "statistically_significant_5pct": false,
      "p_value_bh": 0.4385829851493074,
      "p_value_holm": 1.0,
      "statistically_significant_bh_5pct": false,
      "statistically_significant_holm_5pct": false
    }
  ],
  "assumptions_and_limitations": {
    "event_exogeneity": "Policy dates are externally dated, but concurrent market news within each window is not fully controlled.",